门店名称,款式,商品性质,Sum(前7天销售),Sum(前6天销售),Sum(前7天销售),Sum(前6天销售),Sum(前7天销售),Sum(前6天销售),Sum(前7天销售),Sum(前6天销售),Sum(前7天销售),Sum(前6天销售),Sum(前7天销售),Sum(前6天销售),Sum(前7天销售),Sum(前6天销售),Sum(前7天销售),Sum(前6天销售),Sum(前7天销售),Sum(前6天销售),Sum(前7天销售),Sum(前6天销售),Sum(前7天销售),Sum(前6天销售),Sum(前7天销售),Sum(前6天销售),Sum(前7天销售),Sum(前6天销售),Sum(前7天销售),Sum(前6天销售),Sum(前7天销售),Sum(前6天销售),Sum(前7天销售),Sum(前6天销售),Sum(前7天销售),Sum(前6天销售),Sum(前7天销售),Sum(前6天销售),Sum(前7天销售),Sum(前6天销售)
嘉定店,中袖短板T恤,停止进货,2,6,,,,,,,,,,,,,,,,,,,,,,,,,,,,,,,,,,,,
嘉定店,中袖短板T恤,正常补货,1,1,,,,,,,,,,,,,,,,,,,,,,,,,,,,,,,,,,,,
嘉定店,[未知],停止进货,5,7,,,7,6,,,10,2,,,9,7,,,,,,,,5,,,,,3,2,,,,,,,,,2,4
嘉定店,[未知],新款试货,,,,,2,,,,,,,,,5,,,,,,,,,,,,,,,,,,,,,,,,
嘉定店,[未知],正常补货,5,5,,,4,3,,,,,,,,,,,,,,,,7,,,,,,,,,,,,,,,,
嘉定店,长裤,停止进货,,,,,34,35,,,,,,,,,,,,,,,12,11,,,,,,,,,,,,,,,,
嘉定店,长裤,正常补货,,,,,,,,,,,,,,,,,,,,,4,2,,,,,,,,,,,,,,,,
嘉定店,长裤,清理,,,,,3,-1,,,,,,,,,,,,,,,1,1,,,,,,,,,,,,,,,,
嘉定店,带帽,停止进货,,,,,,,,,,,,,6,5,,,,,,,,,,,,,,,,,,,,,,,,
嘉定店,带帽,清理,,,,,,,,,,,,,1,,,,,,,,,,,,,,,,,,,,,,,,,
嘉定店,短袖短板T恤,正常补货,13,27,,,,,,,,,,,,,,,,,,,,,,,,,,,,,,,,,,,,
嘉定店,短袖短板T恤,停止进货,3,10,,,,,,,,,,,,,,,,,,,,,,,,,,,,,,,,,,,,
嘉定店,短袖短板T恤,新款试货,,,,,,,,,,,,,,,,,,,,,,,,,,,,,,,,,,,,,,
嘉定店,长袖,停止进货,12,6,,,,,,,2,2,,,,,,,,,,,,,,,,,7,13,,,,,,,,,,
嘉定店,正常夹克,停止进货,,,,,,,,,,,,,6,3,,,,,,,,,,,,,,,,,,,,,,,,
嘉定店,正常夹克,清理,,,,,,,,,,,,,,,,,,,,,,,,,,,,,,,,,,,,,,
嘉定店,9,新款试货,,,,,,,,,,,,,,,,,,,,,,,,,,,,,,,,,,,,,,
嘉定店,9,停止进货,,,,,3,1,,,,,,,,,,,,,,,4,0,,,,,,,,,,,,,,,,
嘉定店,9,正常补货,,,,,3,5,,,,,,,,,,,,,,,,,,,,,,,,,,,,,,,,
嘉定店,短袖,停止进货,3,5,,,,,,,,,,,,,,,,,,,,,,,,,,,,,,,,,,,,
嘉定店,短袖,新款试货,,,,,,,,,,,,,,,,,,,,,,,,,,,,,,,,,,,,,,
嘉定店,短袖,正常补货,2,5,,,,,,,,,,,,,,,,,,,,,,,,,,,,,,,,,,,,
嘉定店,套头,停止进货,,,,,,,,,3,3,,,,,1,,,,,,,,,,,,,,,,,,,,,,,
嘉定店,鞋,清理,,,,,,,,,,,,,,,,,,,,,,,,,,,,,,,,,,,,,,
嘉定店,鞋,停止进货,,,,,,,,,,,,,,,,,,,,,,,,,,,,,,,,,,,,1,,
嘉定店,鞋,新款试货,,,,,,,,,,,,,,,,,,,,,,,,,,,,,,,,,,,,3,,
嘉定店,连身,停止进货,,,,,,,,,,,,,,,,,,,,,,,,,,,,,,,,,,,,,,
嘉定店,套衫短板卫衣,清理,,,,,,,,,3,0,,,,,,,,,,,,,,,,,,,,,,,,,,,,
嘉定店,套衫短板卫衣,停止进货,,,,,,,,,31,30,,,,,,,,,,,,,,,,,,,,,,,,,,,,
嘉定店,无领中袖,停止进货,,,,,,,,,,,,,,,,,,,,,,,,,,,,-1,,,,,,,,,,
嘉定店,正常风衣（外套）,清理,,,,,,,,,,,,,,,,,,,,,,,,,,,,,,,,,,,,,3,2
嘉定店,正常风衣（外套）,停止进货,,,,,,,,,,,,,,,,,,,,,,,,,,,,,,,,,,,,,1,1
嘉定店,上下套装,停止进货,,,,,,,,,,,,,,,2,3,,,,,,,,,,,,,,,,,,,,,,
嘉定店,条纹,停止进货,,,,,,,,,,,,,,,,,,,,,,,,,,,6,1,,,,,,,,,,
嘉定店,中袖,停止进货,1,3,,,,,,,,,,,,,,,,,,,,,,,,,,,,,,,,,,,,
嘉定店,净色,停止进货,,,,,,,,,,,,,,,,,,,,,,,,,,,,,,,,,,,,,,
嘉定店,开衫,清理,,,,,,,,,,,,,,,,,,,2,-1,,,,,,,,,,,,,,,,,,
嘉定店,长袖短板T恤,清理,5,2,,,,,,,,,,,,,,,,,,,,,,,,,,,,,,,,,,,,
嘉定店,有领长袖,清理,,,,,,,,,,,,,,,,,,,,,,,,,,,1,,,,,,,,,,,
嘉定店,包,退货,,,,,,,,,,,,,,,,,,,,,,,,,,,,,,,,,,,,,,
嘉定店,格子,清理,,,,,,,,,,,,,,,,,,,,,,,,,,,2,,,,,,,,,,,
马陆店,[未知],停止进货,5,7,,,7,11,,,2,3,,,5,2,,,,,,,,,,,,,,,,,,,,,,,1,
马陆店,[未知],正常补货,2,2,,,,,,,,,,,,,,,,,,,1,1,,,,,1,1,,,,,,,,,,
马陆店,[未知],新款试货,,,,,,,,,,,,,,,,,,,,,,,,,,,,,,,,,,,,,,
马陆店,短袖短板T恤,正常补货,4,12,,,,,,,,,,,,,,,,,,,,,,,,,,,,,,,,,,,,
马陆店,短袖短板T恤,停止进货,2,2,,,,,,,,,,,,,,,,,,,,,,,,,,,,,,,,,,,,
马陆店,长裤,停止进货,,,,,7,14,,,,,,,,,,,,,,,11,6,,,,,,,,,,,,,,,,
马陆店,长裤,正常补货,,,,,,,,,,,,,,,,,,,,,3,3,,,,,,,,,,,,,,,,
马陆店,长裤,清理,,,,,6,6,,,,,,,,,,,,,,,1,1,,,,,,,,,,,,,,,,
马陆店,长裤,新款试货,,,,,,2,,,,,,,,,,,,,,,,,,,,,,,,,,,,,,,,
马陆店,中袖短板T恤,停止进货,1,6,,,,,,,,,,,,,,,,,,,,,,,,,,,,,,,,,,,,
马陆店,中袖短板T恤,正常补货,,,,,,,,,,,,,,,,,,,,,,,,,,,,,,,,,,,,,,
马陆店,套衫短板卫衣,停止进货,,,,,,,,,26,28,,,,,,,,,,,,,,,,,,,,,,,,,,,,
马陆店,套衫短板卫衣,清理,,,,,,,,,9,8,,,,,,,,,,,,,,,,,,,,,,,,,,,,
马陆店,长袖,停止进货,2,3,,,,,,,1,2,,,,,,,,,,,,,,,,,5,4,,,,,,,,,,
马陆店,长袖,清理,,1,,,,,,,,,,,,,,,,,,,,,,,,,,,,,,,,,,,,
马陆店,9,新款试货,,,,,,,,,,,,,,,,,,,,,,,,,,,,,,,,,,,,,,
马陆店,9,停止进货,,,,,,,,,,,,,,,,,,,,,,1,,,,,,,,,,,,,,,,
马陆店,9,正常补货,,,,,,,,,,,,,,,,,,,,,,,,,,,,,,,,,,,,,,
马陆店,9,清理,,,,,2,,,,,,,,,,,,,,,,,,,,,,,,,,,,,,,,,
马陆店,正常夹克,停止进货,,,,,,,,,,,,,4,2,,,,,,,,,,,,,,,,,,,,,,,,
马陆店,正常夹克,清理,,,,,,,,,,,,,,,,,,,,,,,,,,,,,,,,,,,,,,
马陆店,长袖短板T恤,清理,1,4,,,,,,,,,,,,,,,,,,,,,,,,,,,,,,,,,,,,
马陆店,套头,停止进货,,,,,,,,,2,2,,,,,,,,,,,,,,,,,,,,,,,,,,,,
马陆店,套头,清理,,,,,,,,,,,,,,,,,,,,,,,,,,,,,,,,,,,,,,
马陆店,正常风衣（外套）,清理,,,,,,,,,,,-2,,,,,,,,,,,,,,,,,,,,,,,,,,,1
马陆店,正常风衣（外套）,停止进货,,,,,,,,,,,,,,,,,,,,,,,,,,,,,,,,,,,,,,
马陆店,上下套装,停止进货,,,,,,,,,,,,,,,,2,,,,,,,,,,,,,,,,,,,,,,
马陆店,短袖,正常补货,,,,,,,,,,,,,,,,,,,,,,,,,,,,,,,,,,,,,,
马陆店,短袖,停止进货,,,,,,,,,,,,,,,,,,,,,,,,,,,,,,,,,,,,,,
马陆店,短袖,新款试货,,,,,,,,,,,,,,,,,,,,,,,,,,,,,,,,,,,,,,
马陆店,鞋,停止进货,,,,,,,,,,,,,,,,,,,,,,,,,,,,,,,,,,,1,1,,
马陆店,鞋,新款试货,,,,,,,,,,,,,,,,,,,,,,,,,,,,,,,,,,,1,,,
马陆店,套衫短板毛衣,清理,,,,,,,,,,,,,,,,,,,,10,,,,,,,,,,,,,,,,,,
马陆店,中袖,停止进货,,,,,,,,,,,,,,,,,,,,,,,,,,,,,,,,,,,,,,
马陆店,中袖,清理,,2,,,,,,,,,,,,,,,,,,,,,,,,,,,,,,,,,,,,
马陆店,带帽,清理,,,,,,,,,,,,,,,,,,,,,,,,,,,,,,,,,,,,,,
马陆店,带帽,停止进货,,,,,,,,,,,,,1,1,,,,,,,,,,,,,,,,,,,,,,,,
马陆店,格子,清理,,,,,,,,,,,,,,,,,,,,,,,,,,,2,,,,,,,,,,,
澄浏店,短袖短板T恤,正常补货,14,15,,,,,,,,,,,,,,,,,,,,,,,,,,,,,,,,,,,,
澄浏店,短袖短板T恤,停止进货,,1,,,,,,,,,,,,,,,,,,,,,,,,,,,,,,,,,,,,
澄浏店,中袖短板T恤,停止进货,2,1,,,,,,,,,,,,,,,,,,,,,,,,,,,,,,,,,,,,
澄浏店,套衫短板卫衣,停止进货,,,,,,,,,12,25,,,,,,,,,,,,,,,,,,,,,,,,,,,,
澄浏店,套衫短板卫衣,清理,,,,,,,,,5,1,,,,,,,,,,,,,,,,,,,,,,,,,,,,
澄浏店,[未知],停止进货,,1,,,1,3,,,2,,,,1,,,,,,,,,,,,,,,1,,,,,,,,,,
澄浏店,[未知],新款试货,,,,,,,,,,,,,,,,,,,,,,,,,,,,,,,,,,,,,,
澄浏店,[未知],正常补货,,,,,,,,,,,,,,,,,,,,,,,,,,,,,,,,,,,,,,
澄浏店,长裤,停止进货,,,,,12,6,,,,,,,,,,,,,,,4,1,,,,,,,,,,,,,,,,
澄浏店,长裤,正常补货,,,,,,,,,,,,,,,,,,,,,,,,,,,,,,,,,,,,,,
澄浏店,长裤,新款试货,,,,,,2,,,,,,,,,,,,,,,,,,,,,,,,,,,,,,,,
澄浏店,长裤,清理,,,,,10,20,,,,,,,,,,,,,,,2,8,,,,,,,,,,,,,,,,
澄浏店,正常风衣（外套）,清理,,,,,,,,,,,,,,,,,,,,,,,,,,,,,,,,,,,,,1,
澄浏店,正常风衣（外套）,停止进货,,,,,,,,,,,,,,,,,,,,,,,,,,,,,,,,,,,,,,1
澄浏店,正常夹克,停止进货,,,,,,,,,,,,,1,1,,,,,,,,,,,,,,,,,,,,,,,,
澄浏店,正常夹克,清理,,,,,,,,,,,,,1,,,,,,,,,,,,,,,,,,,,,,,,,
澄浏店,9,正常补货,,,,,,,,,,,,,,,,,,,,,,,,,,,,,,,,,,,,,,
澄浏店,9,新款试货,,,,,,,,,,,,,,,,,,,,,,,,,,,,,,,,,,,,,,
澄浏店,9,停止进货,,,,,1,1,,,,,,,,,,,,,,,,,,,,,,,,,,,,,,,,
澄浏店,9,清理,,,,,,,,,,,,,,,,,,,,,,,,,,,,,,,,,,,,,,
澄浏店,套头,停止进货,,,,,,,,,1,2,,,,,,,,,,,,,,,,,,,,,,,,,,,,
澄浏店,套头,清理,,,,,,,,,,,,,,,,,,,2,,,,,,,,,,,,,,,,,,,
澄浏店,长袖,停止进货,2,2,,,,,,,,,,,,,,,,,,,,,,,,,,4,,,,,,,,,,
澄浏店,长袖,清理,,,,,,,,,,,,,,,,,,,,,,,,,,,4,2,,,,,,,,,,
澄浏店,中袖,停止进货,,,,,,,,,,,,,,,,,,,,,,,,,,,,,,,,,,,,,,
澄浏店,带帽,停止进货,,,,,,,,,,,,,,,,,,,,,,,,,,,,,,,,,,,,,,
澄浏店,短袖,正常补货,,,,,,,,,,,,,,,,,,,,,,,,,,,,,,,,,,,,,,
澄浏店,短袖,停止进货,,,,,,,,,,,,,,,,,,,,,,,,,,,,,,,,,,,,,,
澄浏店,开衫,正常补货,,,,,,,,,,,,,,,,,,,,,,,,,,,,,,,,,,,,,,
澄浏店,开衫,清理,,,,,,,,,,,,,,,,,,,,,,,,,,,,,,,,,,,,,,
澄浏店,套衫短板毛衣,清理,,,,,,,,,,,,,,,,,,,1,,,,,,,,,,,,,,,,,,,
澄浏店,净色,停止进货,,,,,,,,,,,,,,,,,,,,,,,,,,,,1,,,,,,,,,,
城中店,[未知],正常补货,1,,,,,,,,,,,,,,,,,,,,,,,,,,,4,,,,,,,,,,
城中店,[未知],停止进货,2,1,,,,1,,,,,,,,1,,,,,,,,,,,,,,,,,,,,,,,,
城中店,[未知],清理,,,11,3,,,,,,,,,,,,,,,,,,,,,,,,,,,,,,,,,,
城中店,[未知],新款试货,,,,,,,,,,,,,,,,,,,,,,,,,,,,,,,,,,,,,,
城中店,短袖短板T恤,正常补货,3,7,,,,,,,,,,,,,,,,,,,,,,,,,,,,,,,,,,,,
城中店,上下套装,停止进货,,,,,,,,,,,,,,,1,2,,,,,,,,,,,,,,,,,,,,,,
城中店,长裤,停止进货,,,,,9,5,,,,,,,,,,,,,,,,3,,,,,,,,,,,,,,,,
城中店,长裤,清理,,,,,7,6,,,,,,,,,,,,,,,7,1,,,,,,,,,,,,,,,,
城中店,长裤,正常补货,,,,,,,,,,,,,,,,,,,,,,,,,,,,,,,,,,,,,,
城中店,中袖短板T恤,停止进货,1,1,,,,,,,,,,,,,,,,,,,,,,,,,,,,,,,,,,,,
城中店,9,停止进货,,,,,,3,,,,,,,,,,,,,,,,,,,,,,,,,,,,,,,,
城中店,9,清理,,,,,,,,,,,,,,,,,,,,,,,,,,,,,,,,,,,,,,
城中店,套头,停止进货,,,,,,,,,,1,,,,,,,,,,,,,,,,,,,,,,,,,,,,
城中店,套头,清理,,,,,,,,,,1,,,,,,,,,,,,,,,,,,,,,,,,,,,,
城中店,长袖,停止进货,1,,,,,,,,,,,,,,,,,,,,,,,,,,,,,,,,,,,,,
城中店,长袖,清理,2,3,,,,,,,,,,,,,,,,,,,,,,,,,,,,,,,,,,,,
城中店,套衫短板卫衣,停止进货,,,,,,,,,6,4,,,,,,,,,,,,,,,,,,,,,,,,,,,,
城中店,套衫短板卫衣,清理,,,,,,,,,3,,,,,,,,,,,,,,,,,,,,,,,,,,,,,
城中店,正常夹克,停止进货,,,,,,,,,,,,,,1,,,,,,,,,,,,,,,,,,,,,,,,
城中店,无领中袖,停止进货,,,,,,,,,,,,,,,,,,,,,,,,,,,,,,,,,,,,,,
城中店,正常风衣（外套）,清理,,,,,,,,,,,,,,,,,,,,,,,,,,,,,,,,,,,,,,
城中店,正常风衣（外套）,停止进货,,,,,,,,,,,,,,,,,,,,,,,,,,,,,,,,,,,,,,
城中店,带帽,停止进货,,,,,,,,,,,,,,,,,,,,,,,,,,,,,,,,,,,,,,
城中店,鞋,停止进货,,,,,,,,,,,,,,,,,,,,,,,,,,,,,,,,,,,,1,,
城中店,鞋,新款试货,,,,,,,,,,,,,,,,,,,,,,,,,,,,,,,,,,,,,,
城中店,短裙（膝盖以上）,停止进货,,,,,,,,,,,,,,,,,,,,,,,,,,,,,,1,,,,,,,,
城中店,套衫短板毛衣,清理,,,,,,,,,,,,,,,,,,,,,,,,,,,,,,,,,,,,,,
城中店,开衫,正常补货,,,,,,,,,,,,,,,,,,,,,,,,,,,,,,,,,,,,,,
城中店,短袖,正常补货,,,,,,,,,,,,,,,,,,,,,,,,,,,,,,,,,,,,,,
城中店,短袖,停止进货,,,,,,,,,,,,,,,,,,,,,,,,,,,,,,,,,,,,,,
城中店,格子,清理,,,,,,,,,,,,,,,,,,,,,,,,,,,1,,,,,,,,,,,
城中店,立领,停止进货,,,,,,,,,,,,,,,,,,,,,,,,,,,,,,,,,,,,,,
城中店,中袖,停止进货,,,,,,,,,,,,,,,,,,,,,,,,,,,,,,,,,,,,,,
博乐店,套衫短板卫衣,停止进货,,,,,,,,,63,49,,,,,,,,,,,,,,,,,,,,,,,,,,,,
博乐店,套衫短板卫衣,清理,,,,,,,,,4,1,,,,,,,,,,,,,,,,,,,,,,,,,,,,
博乐店,中袖短板T恤,停止进货,1,5,,,,,,,,,,,,,,,,,,,,,,,,,,,,,,,,,,,,
博乐店,中袖短板T恤,正常补货,,,,,,,,,,,,,,,,,,,,,,,,,,,,,,,,,,,,,,
博乐店,长裤,停止进货,,,,,25,22,,,,,,,,,,,,,,,1,1,,,,,,,,,,,,,,,,
博乐店,长裤,正常补货,,,,,1,1,,,,,,,,,,,,,,,1,1,,,,,,,,,,,,,,,,
博乐店,长裤,清理,,,,,27,22,,,,,,,,,,,,,,,,,,,,,,,,,,,,,,,,
博乐店,长裤,新款试货,,,,,,,,,,,,,,,,,,,,,,,,,,,,,,,,,,,,,,
博乐店,[未知],停止进货,5,4,,,2,1,,,1,,,,,,,,,,,,1,,,,,,1,,,,,,,,,,,
博乐店,[未知],正常补货,1,1,,,1,,,,,,,,,,,,,,,,,,,,,,3,2,,,,,,,,,,
博乐店,[未知],新款试货,,,,,,,,,,,,,,,,,,,,,,,,,,,,,,,,,,,,,,
博乐店,短袖短板T恤,正常补货,5,,,,,,,,,,,,,,,,,,,,,,,,,,,,,,,,,,,,,
博乐店,短袖短板T恤,停止进货,1,5,,,,,,,,,,,,,,,,,,,,,,,,,,,,,,,,,,,,
博乐店,9,停止进货,,,,,3,1,,,,,,,,,,,,,,,,1,,,,,,,,,,,,,,,,
博乐店,9,新款试货,,,,,,,,,,,,,,,,,,,,,,,,,,,,,,,,,,,,,,
博乐店,条纹,停止进货,,,,,,,,,,,,,,,,,,,,,,,,,,,3,2,,,,,,,,,,
博乐店,带帽,停止进货,,,,,,,,,,,,,,2,,,,,,,,,,,,,,,,,,,,,,,,
博乐店,正常夹克,停止进货,,,,,,,,,,,,,6,2,,,,,,,,,,,,,,,,,,,,,,,,
博乐店,正常夹克,清理,,,,,,,,,,,,,,,,,,,,,,,,,,,,,,,,,,,,,,
博乐店,短袖,正常补货,,,,,,,,,,,,,,,,,,,,,,,,,,,,,,,,,,,,,,
博乐店,短袖,新款试货,,,,,,,,,,,,,,,,,,,,,,,,,,,,,,,,,,,,,,
博乐店,短袖,停止进货,,,,,,,,,,,,,,,,,,,,,,,,,,,,,,,,,,,,,,
博乐店,长袖,停止进货,,1,,,,,,,,,,,,,,,,,,,,,,,,,1,,,,,,,,,,,
博乐店,正常风衣（外套）,清理,,,,,,,,,,,,,,,,,,,,,,,,,,,,,,,,,,,,,,
博乐店,正常风衣（外套）,停止进货,,,,,,,,,,,,,,,,,,,,,,,,,,,,,,,,,,,,,1,
博乐店,开衫,清理,,,,,,,,,,,,,,,,,,,2,,,,,,,,,,,,,,,,,,,
博乐店,开衫,停止进货,,,,,,,,,,,,,,,,,,,,,,,,,,,,,,,,,,,,,,
博乐店,无领长袖,停止进货,,,,,,,,,3,1,,,,,,,,,,,,,,,,,,,,,,,,,,,,
博乐店,中袖,停止进货,2,2,,,,,,,,,,,,,,,,,,,,,,,,,,,,,,,,,,,,
博乐店,上下套装,停止进货,,,,,,,,,,,,,,,1,2,,,,,,,,,,,,,,,,,,,,,,
博乐店,上下套装,清理,,,,,,,,,,,,,,,,,,,,,,,,,,,,,,,,,,,,,,
博乐店,长袖短板T恤,停止进货,3,,,,,,,,,,,,,,,,,,,,,,,,,,,,,,,,,,,,,
博乐店,套头,停止进货,,,,,,,,,1,1,,,,,,,,,,,,,,,,,,,,,,,,,,,,
华浦店,中袖短板T恤,停止进货,3,1,,,,,,,,,,,,,,,,,,,,,,,,,,,,,,,,,,,,
华浦店,套衫短板卫衣,停止进货,,,,,,,,,22,7,,,,,,,,,,,,,,,,,,,,,,,,,,,,
华浦店,套衫短板卫衣,清理,,,,,,,,,22,14,,,,,,,,,,,,,,,,,,,,,,,,,,,,
华浦店,正常夹克,停止进货,,,,,,,,,,,,,3,3,,,,,,,,,,,,,,,,,,,,,,,,
华浦店,正常夹克,清理,,,,,,,,,,,1,,,,,,,,,,,,,,,,,,,,,,,,,,,
华浦店,上下套装,清理,,,,,,,,,,,,,,,,5,,,,,,,,,,,,,,,,,,,,,,
华浦店,上下套装,停止进货,,,,,,,,,,,,,,,1,2,,,,,,,,,,,,,,,,,,,,,,
华浦店,短袖短板T恤,正常补货,6,3,,,,,,,,,,,,,,,,,,,,,,,,,,,,,,,,,,,,
华浦店,短袖短板T恤,停止进货,1,1,,,,,,,,,,,,,,,,,,,,,,,,,,,,,,,,,,,,
华浦店,长裤,清理,,,,,9,1,,,,,,,,,,,,,,,9,13,,,,,,,,,,,,,,,,
华浦店,长裤,停止进货,,,,,5,7,,,,,,,,,,,,,,,1,2,,,,,,,,,,,,,,,,
华浦店,长裤,正常补货,,,,,,2,,,,,,,,,,,,,,,,,,,,,,,,,,,,,,,,
华浦店,长裤,新款试货,,,,,,,,,,,,,,,,,,,,,,,,,,,,,,,,,,,,,,
华浦店,9,新款试货,,,,,,1,,,,,,,,,,,,,,,,,,,,,,,,,,,,,,,,
华浦店,9,停止进货,,,,,,,,,,,,,,,,,,,,,,,,,,,,,,,,,,,,,,
华浦店,9,清理,,,,,,,,,,,,,,,,,,,,,,,,,,,,,,,,,,,,,,
华浦店,[未知],正常补货,,1,,,,,,,,,,,,,,,,,,,,,,,,,,,,,,,,,,,,
华浦店,[未知],停止进货,1,,,,,0,,,1,,,,,,,,,,,,,,,,,,,,,,,,,,,,,
华浦店,[未知],新款试货,,,,,,,,,,,,,,,,,,,,,,,,,,,,,,,,,,,,,,
华浦店,长袖,停止进货,,,,,,,,,,,,,,,,,,,,,,,,,,,2,1,,,,,,,,,,
华浦店,长袖,清理,6,2,,,,,,,,,,,,,,,,,,,,,,,,,4,2,,,,,,,,,,
华浦店,套头,停止进货,,,,,,,,,2,,,,,,,,,,,,,,,,,,,,,,,,,,,,,
华浦店,套头,清理,,,,,,,,,,,,,,,,,,,2,,,,,,,,,,,,,,,,,,,
华浦店,净色,正常补货,,,,,,,,,,,,,,,,,,,,,,,,,,,,,,,,,,,,,,
华浦店,套衫短板毛衣,清理,,,,,,,,,,,,,,,,,,,7,7,,,,,,,,,,,,,,,,,,
华浦店,开衫,正常补货,,,,,,,,,,,,,,,,,,,,,,,,,,,,,,,,,,,,,,
华浦店,短袖,停止进货,,1,,,,,,,,,,,,,,,,,,,,,,,,,,,,,,,,,,,,
华浦店,短袖,正常补货,,,,,,,,,,,,,,,,,,,,,,,,,,,,,,,,,,,,,,
华浦店,有领长袖,清理,,,,,,,,,,,,,,,,,,,,,,,,,,,,,,,,,,,,,,
华浦店,有领长袖,停止进货,,,,,,,,,,,,,,,,,,,,,,,,,,,,,,,,,,,,,,
华浦店,长袖短板T恤,清理,,3,,,,,,,,,,,,,,,,,,,,,,,,,,,,,,,,,,,,
华浦店,条纹,停止进货,,,,,,,,,,,,,,,,,,,,,,,,,,,,-1,,,,,,,,,,
华浦店,立领,停止进货,,,,,,,,,,,,,,,,,,,,,,,,,,,,,,,,,,,,,,
华浦店,正常风衣（外套）,清理,,,,,,,,,,,,,,,,,,,,,,,,,,,,,,,,,,,,,,
华浦店,牛仔,清理,,,,,,,,,,,,,,,,,,,,,5,,,,,,,,,,,,,,,,,
华浦店,中袖,停止进货,,,,,,,,,,,,,,,,,,,,,,,,,,,,,,,,,,,,,,
桂林2店,中袖短板T恤,停止进货,6,6,,,,,,,,,,,,,,,,,,,,,,,,,,,,,,,,,,,,
桂林2店,中袖短板T恤,正常补货,,4,,,,,,,,,,,,,,,,,,,,,,,,,,,,,,,,,,,,
桂林2店,[未知],停止进货,11,6,,,6,7,,,2,3,,,10,6,,,,,,,,,,,,,6,4,,,,,,,,,1,4
桂林2店,[未知],正常补货,12,12,,,,1,,,,,,,,,,,,,,,1,6,,,,,,,,,,,,,,,,
桂林2店,[未知],新款试货,,,,,,,,1,,,,,,,,,,,,,,,,,,,,,1,,,,,,,,,
桂林2店,正常夹克,停止进货,,,,,,,,,,,,,6,8,,,,,,,,,,,,,,,,,,,,,,,,
桂林2店,长裤,停止进货,,,,,32,22,,,,,,,,,,,,,,,11,4,,,,,,,,,,,,,,,,
桂林2店,长裤,清理,,,,,6,5,,,,,,,,,,,,,,,3,1,,,,,,,,,,,,,,,,
桂林2店,长裤,正常补货,,,,,,,,,,,,,,,,,,,,,,2,,,,,,,,,,,,,,,,
桂林2店,短袖,正常补货,14,13,,,,,,,,,,,,,,,,,,,,,,,,,,,,,,,,,,,,
桂林2店,短袖,停止进货,1,5,,,,,,,,,,,,,,,,,,,,,,,,,,,,,,,,,,,,
桂林2店,9,停止进货,,,,,1,,,,,,,,,,,,,,,,5,1,,,,,,,,,,,,,,,,
桂林2店,9,正常补货,,,,,2,,,,,,,,,,,,,,,,,,,,,,,,,,,,,,,,,
桂林2店,9,新款试货,,,,,,,,,,,,,,,,,,,,,,,,,,,,,,,,,,,,,,
桂林2店,9,清理,,,,,,1,,,,,,,,,,,,,,,,,,,,,,,,,,,,,,,,
桂林2店,长袖,停止进货,3,2,,,,,,,,,,,,,,,,,,,,,,,,,12,9,,,,,,,,,,
桂林2店,长袖,清理,2,3,,,,,,,,,,,,,,,,,,,,,,,,,,,,,,,,,,,,
桂林2店,开衫,停止进货,,,,,,,,,3,,,,,,1,,,,,,,,,,,,,,,,,,,,,,,
桂林2店,开衫,清理,,,,,,,,,,,,,,,,,,,-1,,,,,,,,,,,,,,,,,,,
桂林2店,上下套装,停止进货,,,,,,,,,,,,,,,7,4,,,,,,,,,,,,,,,,,,,,,,
桂林2店,上下套装,清理,,,,,,,,,,,,,,,,,,,,,,,,,,,,,,,,,,,,,,
桂林2店,短袖短板T恤,正常补货,19,19,,,,,,,,,,,,,,,,,,,,,,,,,,,,,,,,,,,,
桂林2店,短袖短板T恤,停止进货,5,3,,,,,,,,,,,,,,,,,,,,,,,,,,,,,,,,,,,,
桂林2店,短袖短板T恤,新款试货,,,,,,,,,,,,,,,,,,,,,,,,,,,,,,,,,,,,,,
桂林2店,鞋,停止进货,,,,,,,,,,,,,,,,,,,,,,,,,,,,,,,,,,,,1,,
桂林2店,鞋,新款试货,,,,,,,,,,,,,,,,,,,,,,,,,,,,,,,,,,,2,,,
桂林2店,围巾,停止进货,,,,,,,,,,,,,,,,,,,,,,,,,,,,,,,,,,,,,,
桂林2店,围巾,新款试货,,,,,,,,,,,,,,,,,,,,,,,,,,,,,,,,,,,,,,
桂林2店,袜,停止进货,,,,,,,,,,,,,,,,,,,,,,,,,,,,,,,,,,0,,,,
桂林2店,未定义,停止进货,,,,,,,,,,,,,,,,,,,,,,,,,,,,,,,,,,,,,,
桂林2店,有领长袖,清理,,,,,,,,,,,,,,,,,,,,,,,,,,,,,,,,,,,,,,
桂林2店,满印,新款试货,,,,,,,,,,,,,,,,,,,,,,,,,,,,,,,,,,,,,,
桂林2店,正常风衣（外套）,清理,,,,,,,,,,,-1,,,,,,,,,,,,,,,,,,,,,,,,,,,
桂林2店,正常风衣（外套）,停止进货,,,,,,,,,,,,,,,,,,,,,,,,,,,,,,,,,,,,,1,1
桂林2店,套衫短板毛衣,清理,,,,,,,,,,,,,,,,,,,,,,,,,,,,,,,,,,,,,,
桂林2店,套头,停止进货,,,,,,,,,1,2,,,,,,,,,,,,,,,,,,,,,,,,,,,,
桂林2店,套头,清理,,,,,,,,,3,,,,,,,,,,,,,,,,,,,,,,,,,,,,,
桂林2店,套衫短板卫衣,停止进货,,,,,,,,,12,13,,,,,,,,,,,,,,,,,,,,,,,,,,,,
桂林2店,套衫短板卫衣,清理,,,,,,,,,,,,,,,,,,,,,,,,,,,,,,,,,,,,,,
桂林2店,内外套装,停止进货,,,,,,,,,,,,,,,,,,,,,,,,,,,,,1,1,,,,,,,,
桂林2店,立领,停止进货,,,,,,,,,,,,,,,,,,,,,,,,,,,,,,,,,,,,,,
桂林2店,带帽,清理,,,,,,,,,,,,,,,,,,,,,,,,,,,,,,,,,,,,,,
桂林2店,中袖,停止进货,,,,,,,,,,,,,,,,,,,,,,,,,,,,,,,,,,,,,,
桂林2店,中裤,新款试货,,,,,,,,,,,,,,,,,,,,,,,,,,,,,,,,,,,,,,
桂林2店,净色,清理,,,,,,,,,,,,,,,,,,,,,,,,,,,,,,,,,,,,,,
桂林2店,净色,停止进货,,,,,,,,,,,,,,,,,,,,,,,,,,,1,,,,,,,,,,,
桂林2店,无领中袖,停止进货,,,,,,,,,,,,,,,,,,,,,,,,,,,,,,,,,,,,,,
桂林2店,条纹,停止进货,,,,,,,,,,,,,,,,,,,,,,,,,,,,,,,,,,,,,,
沪青店,9,正常补货,,,,,2,,,,,,,,,,,,,,,,,,,,,,,,,,,,,,,,,
沪青店,9,停止进货,,,,,,2,,,,,,,,,,,,,,,,,,,,,,,,,,,,,,,,
沪青店,9,新款试货,,,,,,,,,,,,,,,,,,,,,,,,,,,,,,,,,,,,,,
沪青店,9,清理,,,,,2,,,,,,,,,,,,,,,,,,,,,,,,,,,,,,,,,
沪青店,短袖短板T恤,停止进货,5,5,,,,,,,,,,,,,,,,,,,,,,,,,,,,,,,,,,,,
沪青店,短袖短板T恤,正常补货,1,2,,,,,,,,,,,,,,,,,,,,,,,,,,,,,,,,,,,,
沪青店,短袖短板T恤,清理,3,1,,,,,,,,,,,,,,,,,,,,,,,,,,,,,,,,,,,,
沪青店,短袖短板T恤,新款试货,,,,,,,,,,,,,,,,,,,,,,,,,,,,,,,,,,,,,,
沪青店,[未知],停止进货,8,,,,,2,,,,,,,1,2,,,,,,,,,,,,,,1,,,,,,,,,,
沪青店,[未知],正常补货,3,3,,,,,,,,,,,,,,,,,,,,,,,,,,,,,,,,,,,,
沪青店,[未知],新款试货,,,,,,,,,,,,,,,,,,,,,,,,,,,,,,,,,,,,,,
沪青店,[未知],清理,,,,,,,,,,,,,,,,,,,,,,,,,,,,,,,,,,,,,,
沪青店,长裤,停止进货,,,,,5,10,,,,,,,,,,,,,,,1,5,,,,,,,,,,,,,,,,
沪青店,长裤,清理,,,,,,8,,,,,,,,,,,,,,,4,1,,,,,,,,,,,,,,,,
沪青店,立领,停止进货,,,,,,,,,,,,,,,,,,,,,,,,,,,,,,,,,,,,,,
沪青店,净色,停止进货,,,,,,,,,,,,,,,,,,,,,,,,,,,2,4,,,,,,,,,,
沪青店,无领中袖,停止进货,,,,,,,,,,,,,,,,,,,,,,,,,,,2,3,,,,,,,,,,
沪青店,套衫短板卫衣,清理,,,,,,,,,12,8,,,,,,,,,,,,,,,,,,,,,,,,,,,,
沪青店,套衫短板卫衣,停止进货,,,,,,,,,3,10,,,,,,,,,,,,,,,,,,,,,,,,,,,,
沪青店,上下套装,停止进货,,,,,,,,,,,,,,,,,,,,,,,,,,,,,,,,,,,,,,
沪青店,上下套装,清理,,,,,,,,,,,,,,,3,1,,,,,,,,,,,,,,,,,,,,,,
沪青店,短袖,停止进货,,3,,,,,,,,,,,,,,,,,,,,,,,,,,,,,,,,,,,,
沪青店,短袖,正常补货,,,,,,,,,,,,,,,,,,,,,,,,,,,,,,,,,,,,,,
沪青店,套头,停止进货,,,,,,,,,5,5,,,,,,,,,,,,,,,,,,,,,,,,,,,,
沪青店,套头,清理,,,,,,,,,,2,,,,,,,,,,,,,,,,,,,,,,,,,,,,
沪青店,套头,正常补货,,,,,,,,,,,,,,,,,,,,,,,,,,,,,,,,,,,,,,
沪青店,中袖,新款试货,,,,,,,,,,,,,,,,,,,,,,,,,,,,,,,,,,,,,,
沪青店,中袖,停止进货,,,,,,,,,,,,,,,,,,,,,,,,,,,,,,,,,,,,,,
沪青店,正常风衣（外套）,停止进货,,,,,,,,,,,,,,,,,,,,,,,,,,,,,,,,,,,,,,
沪青店,正常风衣（外套）,清理,,,,,,,,,,,3,,,,,,,,,,,,,,,,,,,,,,,,,,,
沪青店,正常夹克,停止进货,,,,,,,,,,,,,2,,,,,,,,,,,,,,,,,,,,,,,,,
沪青店,正常夹克,清理,,,,,,,,,,,,,,,,,,,,,,,,,,,,,,,,,,,,,,
沪青店,长袖,停止进货,1,2,,,,,,,,,,,,,,,,,,,,,,,,,2,2,,,,,,,,,,
沪青店,长袖,清理,3,3,,,,,,,,,,,,,,,,,,,,,,,,,,,,,,,,,,,,
沪青店,有领长袖,停止进货,,,,,,,,,,,,,,,,,,,,,,,,,,,,1,,,,,,,,,,
沪青店,鞋,停止进货,,,,,,,,,,,,,,,,,,,,,,,,,,,,,,,,,,,2,1,,
沪青店,鞋,新款试货,,,,,,,,,,,,,,,,,,,,,,,,,,,,,,,,,,,,,,
沪青店,中袖短板T恤,停止进货,,,,,,,,,,,,,,,,,,,,,,,,,,,,,,,,,,,,,,
沪青店,带帽,停止进货,,,,,,,,,,,,,,,,,,,,,,,,,,,,,,,,,,,,,,
沪青店,套衫短板毛衣,清理,,,,,,,,,,,,,,,,,,,,,,,,,,,,,,,,,,,,,,
沪青店,开衫,清理,,,,,,,,,,,,,,,,,,,,,,,,,,,,,,,,,,,,,,
重固店,[未知],停止进货,7,8,,,,4,,,3,5,,,6,2,,,,,,,,,,,,,,,,,,,,,,,,
重固店,[未知],正常补货,,4,,,,,,,,,,,,,,,,,,,1,4,,,,,,,,,,,,,,,,
重固店,[未知],新款试货,,,,,,,,,,,,,,,,,,,,,,,,,,,,,,,,,,,,,,
重固店,中袖短板T恤,停止进货,3,5,,,,,,,,,,,,,,,,,,,,,,,,,,,,,,,,,,,,
重固店,中袖短板T恤,正常补货,,4,,,,,,,,,,,,,,,,,,,,,,,,,,,,,,,,,,,,
重固店,短袖短板T恤,正常补货,6,8,,,,,,,,,,,,,,,,,,,,,,,,,,,,,,,,,,,,
重固店,短袖短板T恤,停止进货,,4,,,,,,,,,,,,,,,,,,,,,,,,,,,,,,,,,,,,
重固店,短袖短板T恤,新款试货,,,,,,,,,,,,,,,,,,,,,,,,,,,,,,,,,,,,,,
重固店,短袖,正常补货,,,,,,,,,,,,,,,,,,,,,,,,,,,,,,,,,,,,,,
重固店,短袖,新款试货,,,,,,,,,,,,,,,,,,,,,,,,,,,,,,,,,,,,,,
重固店,短袖,停止进货,,1,,,,,,,,,,,,,,,,,,,,,,,,,,,,,,,,,,,,
重固店,长裤,停止进货,,,,,19,23,,,,,,,,,,,,,,,0,4,,,,,,,,,,,,,,,,
重固店,长裤,清理,,,,,3,1,,,,,,,,,,,,,,,1,1,,,,,,,,,,,,,,,,
重固店,长裤,新款试货,,,,,,,,,,,,,,,,,,,,,,,,,,,,,,,,,,,,,,
重固店,长袖,停止进货,2,,,,,,,,,,,,,,,,,,,,,,,,,,3,-1,,,,,,,,,,
重固店,长袖,清理,,1,,,,,,,,,,,,,,,,,,,,,,,,,,,,,,,,,,,,
重固店,正常夹克,停止进货,,,,,,,,,,,,,4,3,,,,,,,,,,,,,,,,,,,,,,,,
重固店,正常夹克,清理,,,,,,,,,,,,,,,,,,,,,,,,,,,,,,,,,,,,,,
重固店,套衫短板卫衣,清理,,,,,,,,,4,13,,,,,,,,,,,,,,,,,,,,,,,,,,,,
重固店,套衫短板卫衣,停止进货,,,,,,,,,19,19,,,,,,,,,,,,,,,,,,,,,,,,,,,,
重固店,9,停止进货,,,,,,,,,,,,,,,,,,,,,,1,,,,,,,,,,,,,,,,
重固店,中袖,停止进货,1,2,,,,,,,,,,,,,,,,,,,,,,,,,,,,,,,,,,,,
重固店,套头,清理,,,,,,,,,,,,,,,,,,,,-1,,,,,,,,,,,,,,,,,,
重固店,套头,停止进货,,,,,,,,,1,1,,,,,,,,,,,,,,,,,,,,,,,,,,,,
重固店,未定义,停止进货,,,,,,,,,,,,,,,,,,,,,,,,,,,,,,,,,,,,,,
重固店,正常风衣（外套）,清理,,,,,,,,,,,,,,,,,,,,,,,,,,,,,,,,,,,,,,1
重固店,带帽,停止进货,,,,,,,,,,,,,1,5,,,,,,,,,,,,,,,,,,,,,,,,
重固店,带帽,清理,,,,,,,,,,,,,,,,,,,,,,,,,,,,,,,,,,,,,,
重固店,开衫,停止进货,,,,,,,,,,,,,,,,1,,,,,,,,,,,,,,,,,,,,,,
重固店,开衫,清理,,,,,,,,,,,,,,,,,,,,,,,,,,,,,,,,,,,,,,
重固店,内外套装,停止进货,,,,,,,,,,,,,,,,,,,,,,,,,,,,,,1,,,,,,,,
重固店,上下套装,停止进货,,,,,,,,,,,,,,,1,,,,,,,,,,,,,,,,,,,,,,,
重固店,条纹,停止进货,,,,,,,,,,,,,,,,,,,,,,,,,,,2,-1,,,,,,,,,,
重固店,套衫短板毛衣,清理,,,,,,,,,,,,,,,,,,,,12,,,,,,,,,,,,,,,,,,
重固店,长袖短板T恤,停止进货,,,,,,,,,,,,,,,,,,,,,,,,,,,,,,,,,,,,,,
重固店,净色,停止进货,,,,,,,,,,,,,,,,,,,,,,,,,,,,,,,,,,,,,,
重固店,鞋,停止进货,,,,,,,,,,,,,,,,,,,,,,,,,,,,,,,,,,,,,,
重固店,无领中袖,停止进货,,,,,,,,,,,,,,,,,,,,,,,,,,,,1,,,,,,,,,,
赵巷店,[未知],新款试货,,,,,,,,,,,,,,,,,,,,,,,,,,,,,,,,,,,,,,
高跃店,中袖短板T恤,停止进货,4,5,,,,,,,,,,,,,,,,,,,,,,,,,,,,,,,,,,,,
高跃店,中袖短板T恤,正常补货,,,,,,,,,,,,,,,,,,,,,,,,,,,,,,,,,,,,,,
高跃店,[未知],停止进货,4,3,,,,,,,,1,,,7,3,,,,,,,,,,,,,1,,,,,,,,,,,2
高跃店,[未知],正常补货,7,9,,,,,,,,,,,,,,,,,,,,2,,,,,,,,,,,,,,,,
高跃店,[未知],新款试货,,,,,,,,,,,,,,,,,,,,,,,,,,,,,,,,,,,,,,
高跃店,[未知],清理,,1,,,3,,,,,,,,,,,,,,,,,,,,,,,,,,,,,,,,,
高跃店,短袖短板T恤,正常补货,14,10,,,,,,,,,,,,,,,,,,,,,,,,,,,,,,,,,,,,
高跃店,短袖短板T恤,停止进货,1,1,,,,,,,,,,,,,,,,,,,,,,,,,,,,,,,,,,,,
高跃店,立领,停止进货,,,,,,,,,,,,,,,,,,,,,,,,,,,,,,,,,,,,,,
高跃店,套衫短板卫衣,停止进货,,,,,,,,,22,55,,,,,,,,,,,,,,,,,,,,,,,,,,,,
高跃店,套衫短板卫衣,清理,,,,,,,,,6,52,,,,,,,,,,,,,,,,,,,,,,,,,,,,
高跃店,长裤,停止进货,,,,,12,16,,,,,,,,,,,,,,,4,6,,,,,,,,,,,,,,,,
高跃店,长裤,正常补货,,,,,2,2,,,,,,,,,,,,,,,2,2,,,,,,,,,,,,,,,,
高跃店,长裤,清理,,,,,47,36,,,,,,,,,,,,,,,16,15,,,,,,,,,,,,,,,,
高跃店,长裤,新款试货,,,,,,,,,,,,,,,,,,,,,,,,,,,,,,,,,,,,,,
高跃店,长袖,停止进货,,1,,,,,,,1,,,,,,,,,,,,,,,,,,3,3,,,,,,,,,,
高跃店,长袖,清理,2,6,,,,,,,,,,,,,,,,,,,,,,,,,,4,,,,,,,,,,
高跃店,宽松风衣（外套）,清理,,,,,,,,,,,,,,,,,,,,,,,,,,,,,,,,,,,,,,
高跃店,正常夹克,清理,,,,,,,,,,,,,,2,,,,,,,,,,,,,,,,1,,,,,,,,
高跃店,正常夹克,停止进货,,,,,,,,,,,,,1,,,,,,,,,,,,,,,,,,,,,,,,,
高跃店,9,清理,,,,,,2,,,,,,,,,,,,,,,,,,,,,,,,,,,,,,,,
高跃店,9,新款试货,,,,,,,,,,,,,,,,,,,,,,,,,,,,,,,,,,,,,,
高跃店,套头,清理,,,,,,,,,,2,,,,,,,,,6,45,,,,,,,,,,,,,,,,,,
高跃店,套头,停止进货,,,,,,,,,,1,,,,,,,,,,,,,,,,,,,,,,,,,,,,
高跃店,短袖,清理,,,,,,,,,,,,,,,,,,,,,,,,,,,,,,,,,,,,,,
高跃店,短袖,正常补货,,,,,,,,,,,,,,,,,,,,,,,,,,,,,,,,,,,,,,
高跃店,短袖,停止进货,,,,,,,,,,,,,,,,,,,,,,,,,,,,,,,,,,,,,,
高跃店,长袖短板T恤,清理,,1,,,,,,,,,,,,,,,,,,,,,,,,,,,,,,,,,,,,
高跃店,净色,正常补货,,,,,,,,,,,,,,,,,,,,,,,,,,,,,,,,,,,,,,
高跃店,开衫,清理,,,,,,,,,,26,,,,,,,,,,,,,,,,,,,,,,,,,,,,
高跃店,中袖,停止进货,,,,,,,,,,,,,,,,,,,,,,,,,,,,,,,,,,,,,,
高跃店,中袖,新款试货,,,,,,,,,,,,,,,,,,,,,,,,,,,,,,,,,,,,,,
高跃店,中袖,清理,,2,,,,,,,,,,,,,,,,,,,,,,,,,,1,,,,,,,,,,
高跃店,条纹,停止进货,,,,,,,,,,,,,,,,,,,,,,,,,,,,,,,,,,,,,,
高跃店,上下套装,停止进货,,,,,,,,,,,,,,,1,,,,,,,,,,,,,,,,,,,,,,,
高跃店,中长款面包服羽绒衣,清理,,,,,,,,,,,,,,,,,5,,,,,,,,,,,,,,,,,,,,,
高跃店,牛仔,清理,,,,,,,,,,,,,,,,,,,,,7,,,,,,,,,,,,,,,,,
高跃店,带帽,清理,,,,,,,,,,,,,,2,,,,,,,,,,,,,,,,,,,,,,,,
高跃店,正常风衣（外套）,清理,,,,,,,,,,,,1,,,,,,,,,,,,,,,,,,,,,,,,,,
高跃店,长裙（膝盖以下）,清理,,,,,,,,,,,,,,,,,,,,,,,,,,,,,,1,,,,,,,,
高跃店,修身风衣（外套）,清理,,,,,,,,,,,1,,,,,,,,,,,,,,,,,,,,,,,,,,,
高跃店,打底裤,清理,,,,,,1,,,,,,,,,,,,,,,,,,,,,,,,,,,,,,,,
高跃店,背带长裤,清理,,,,,,,,,,,,,,,,,,,,,,1,,,,,,,,,,,,,,,,
高跃店,套衫长板毛衣,清理,,,,,,,,,,,,,,,,,,,,1,,,,,,,,,,,,,,,,,,
高跃店,无领长袖,清理,,1,,,,,,,,,,,,,,,,,,,,,,,,,,,,,,,,,,,,
高跃店,短款面包服,清理,,,,,,,,,,,,,,,,,,,,,,,,,,,,,,,,,,,,,,
高跃店,套衫短板毛衣,清理,,,,,,,,,,,,,,,,,,,,,,,,,,,,,,,,,,,,,,
高跃店,短款羽绒衣,清理,,,,,,,,,,,,,,,,,,,,,,,,,,,,,,,,,,,,,,
朱家店,短袖短板T恤,正常补货,14,10,,,,,,,,,,,,,,,,,,,,,,,,,,,,,,,,,,,,
朱家店,短袖短板T恤,停止进货,4,6,,,,,,,,,,,,,,,,,,,,,,,,,,,,,,,,,,,,
朱家店,[未知],停止进货,3,6,,,,,,,1,4,,,,1,,,,,,,,,,,,,,,,,,,,,,,1,
朱家店,[未知],正常补货,2,1,,,1,3,,,,,,,,,,,,,,,,,,,,,,,,,,,,,,,,
朱家店,[未知],新款试货,,,,,,,,,,,,,,,,,,,,,,,,,,,,,,,,,,,,,,
朱家店,9,停止进货,,,,,3,,,,,,,,,,,,,,,,,,,,,,,,,,,,,,,,,
朱家店,9,正常补货,,,,,,,,,,,,,,,,,,,,,,,,,,,,,,,,,,,,,,
朱家店,9,新款试货,,,,,,,,,,,,,,,,,,,,,,,,,,,,,,,,,,,,,,
朱家店,中袖短板T恤,停止进货,2,2,,,,,,,,,,,,,,,,,,,,,,,,,,,,,,,,,,,,
朱家店,中袖短板T恤,正常补货,,,,,,,,,,,,,,,,,,,,,,,,,,,,,,,,,,,,,,
朱家店,长裤,停止进货,,,,,15,18,,,,,,,,,,,,,,,1,3,,,,,,,,,,,,,,,,
朱家店,长裤,正常补货,,,,,1,1,,,,,,,,,,,,,,,,,,,,,,,,,,,,,,,,
朱家店,长裤,清理,,,,,12,0,,,,,,,,,,,,,,,3,1,,,,,,,,,,,,,,,,
朱家店,长裤,新款试货,,,,,,,,,,,,,,,,,,,,,,,,,,,,,,,,,,,,,,
朱家店,短袖,正常补货,,,,,,,,,,,,,,,,,,,,,,,,,,,,,,,,,,,,,,
朱家店,短袖,停止进货,,3,,,,,,,,,,,,,,,,,,,,,,,,,,,,,,,,,,,,
朱家店,长袖,停止进货,2,,,,,,,,,,,,,,,,,,,,,,,,,,3,2,,,,,,,,,,
朱家店,长袖,清理,,3,,,,,,,,,,,,,,,,,,,,,,,,,,,,,,,,,,,,
朱家店,正常夹克,清理,,,,,,,,,,,,7,,,,,,,,,,,,,,,,,,,,,,,,,,
朱家店,正常夹克,停止进货,,,,,,,,,,,,,1,2,,,,,,,,,,,,,,,,,,,,,,,,
朱家店,净色,停止进货,,,,,,,,,,,,,,,,,,,,,,,,,,,2,2,,,,,,,,,,
朱家店,袜,停止进货,,,,,,,,,,,,,,,,,,,,,,,,,,,,,,,,,,,,,,
朱家店,正常风衣（外套）,停止进货,,,,,,,,,,,,,,,,,,,,,,,,,,,,,,,,,,,,,,
朱家店,正常风衣（外套）,清理,,,,,,,,,,,,,,,,,,,,,,,,,,,,,,,,,,,,,,
朱家店,套衫短板卫衣,停止进货,,,,,,,,,25,24,,,,,,,,,,,,,,,,,,,,,,,,,,,,
朱家店,套衫短板卫衣,清理,,,,,,,,,10,-1,,,,,,,,,,,,,,,,,,,,,,,,,,,,
朱家店,鞋,停止进货,,,,,,,,,,,,,,,,,,,,,,,,,,,,,,,,,,,2,,,
朱家店,上下套装,停止进货,,,,,,,,,,,,,,,,4,,,,,,,,,,,,,,,,,,,,,,
朱家店,带帽,停止进货,,,,,,,,,,,,,1,1,,,,,,,,,,,,,,,,,,,,,,,,
朱家店,带帽,清理,,,,,,,,,,,,,1,,,,,,,,,,,,,,,,,,,,,,,,,
朱家店,无领中袖,停止进货,,,,,,,,,,,,,,,,,,,,,,,,,,,,,,,,,,,,,,
朱家店,套头,清理,,,,,,,,,,,,,,,,,,,1,1,,,,,,,,,,,,,,,,,,
朱家店,套头,停止进货,,,,,,,,,2,,,,,,,,,,,,,,,,,,,,,,,,,,,,,
朱家店,中袖,停止进货,,1,,,,,,,,,,,,,,,,,,,,,,,,,,,,,,,,,,,,
朱家店,中袖,新款试货,,,,,,,,,,,,,,,,,,,,,,,,,,,,,,,,,,,,,,
朱家店,条纹,停止进货,,,,,,,,,,,,,,,,,,,,,,,,,,,,2,,,,,,,,,,
船厂店,[未知],停止进货,4,6,,,3,2,,,3,2,,,2,,,,,,,,,,,,,,,,,,,,,,,,,
船厂店,[未知],正常补货,,,,,,,,,,,,,,,,,,,,,1,,,,,,,,,,,,,,,,,
船厂店,[未知],新款试货,,,,,,,,,,,,,,,,,,,,,,,,,,,,,,,,,,,,,,
船厂店,[未知],清理,1,,,,,,,,,,,,,,,,,,,,,,,,,,,,,,,,,,,,,
船厂店,短袖短板T恤,正常补货,4,12,,,,,,,,,,,,,,,,,,,,,,,,,,,,,,,,,,,,
船厂店,短袖短板T恤,停止进货,2,7,,,,,,,,,,,,,,,,,,,,,,,,,,,,,,,,,,,,
船厂店,立领,停止进货,,,,,,,,,,,,,1,1,,,,,,,,,,,,,,,,,,,,,,,,
船厂店,套头,停止进货,,,,,,,,,4,1,,,,,,,,,,,,,,,,,,,,,,,,,,,,
船厂店,套头,正常补货,,,,,,,,,,,,,,,,,,,,,,,,,,,,,,,,,,,,,,
船厂店,套衫短板卫衣,停止进货,,,,,,,,,17,6,,,,,,,,,,,,,,,,,,,,,,,,,,,,
船厂店,套衫短板卫衣,清理,,,,,,,,,3,3,,,,,,,,,,,,,,,,,,,,,,,,,,,,
船厂店,长裤,清理,,,,,13,0,,,,,,,,,,,,,,,6,4,,,,,,,,,,,,,,,,
船厂店,长裤,停止进货,,,,,16,12,,,,,,,,,,,,,,,3,3,,,,,,,,,,,,,,,,
船厂店,长裤,正常补货,,,,,,1,,,,,,,,,,,,,,,,,,,,,,,,,,,,,,,,
船厂店,长袖,停止进货,3,2,,,,,,,,,,,,,,,,,,,,,,,,,1,,,,,,,,,,,
船厂店,长袖,清理,,,,,,,,,,,,,,,,,,,,,,,,,,,7,4,,,,,,,,,,
船厂店,中袖,停止进货,,3,,,,,,,,,,,,,,,,,,,,,,,,,,,,,,,,,,,,
船厂店,中袖,新款试货,,,,,,,,,,,,,,,,,,,,,,,,,,,,,,,,,,,,,,
船厂店,带帽,停止进货,,,,,,,,,,,,,1,,,,,,,,,,,,,,,,,,,,,,,,,
船厂店,正常夹克,停止进货,,,,,,,,,,,,,1,1,,,,,,,,,,,,,,,,,,,,,,,,
船厂店,9,新款试货,,,,,,,,,,,,,,,,,,,,,,,,,,,,,,,,,,,,,,
船厂店,9,清理,,,,,,,,,,,,,,,,,,,,,,,,,,,,,,,,,,,,,,
船厂店,正常风衣（外套）,停止进货,,,,,,,,,,,,,,,,,,,,,,,,,,,,,,,,,,,,,,1
船厂店,正常风衣（外套）,清理,,,,,,,,,,,,,,,,,,,,,,,,,,,,,,,,,,,,,,
船厂店,条纹,停止进货,,,,,,,,,,,,,,,,,,,,,,,,,,,1,,,,,,,,,,,
船厂店,中袖短板T恤,停止进货,,2,,,,,,,,,,,,,,,,,,,,,,,,,,,,,,,,,,,,
船厂店,开衫,清理,,,,,,,,,,,,,,,,,,,,,,,,,,,,,,,,,,,,,,
船厂店,短袖,停止进货,1,4,,,,,,,,,,,,,,,,,,,,,,,,,,,,,,,,,,,,
船厂店,短袖,正常补货,,,,,,,,,,,,,,,,,,,,,,,,,,,,,,,,,,,,,,
船厂店,净色,正常补货,,,,,,,,,,,,,,,,,,,,,,,,,,,,,,,,,,,,,,
新港店,正常夹克,停止进货,,,,,,,,,,,,,1,1,,,,,,,,,,,,,,,,,,,,,,,,
新港店,长裤,清理,,,,,3,3,,,,,,,,,,,,,,,4,5,,,,,,,,,,,,,,,,
新港店,长裤,停止进货,,,,,4,13,,,,,,,,,,,,,,,,6,,,,,,,,,,,,,,,,
新港店,长裤,新款试货,,,,,,,,,,,,,,,,,,,,,,,,,,,,,,,,,,,,,,
新港店,长裤,正常补货,,,,,,1,,,,,,,,,,,,,,,,,,,,,,,,,,,,,,,,
新港店,[未知],正常补货,1,2,,,,,,,,,,,,,,,,,,,,,,,,,,,,,,,,,,,,
新港店,[未知],停止进货,2,3,,,1,1,,,,,,,,1,,,,,,,1,,,,,,,,,,,,,,,,,
新港店,[未知],新款试货,,,,,,,,,,,,,,,,,,,,,,,,,,,,,,,,,,,,,,
新港店,[未知],清理,,,,,,,,,,,,,,,,,,,,,,,,,,,,,,,,,,,,,,
新港店,中袖短板T恤,停止进货,2,,,,,,,,,,,,,,,,,,,,,,,,,,,,,,,,,,,,,
新港店,套衫短板卫衣,停止进货,,,,,,,,,11,27,,,,,,,,,,,,,,,,,,,,,,,,,,,,
新港店,套衫短板卫衣,清理,,,,,,,,,2,5,,,,,,,,,,,,,,,,,,,,,,,,,,,,
新港店,短袖短板T恤,正常补货,3,2,,,,,,,,,,,,,,,,,,,,,,,,,,,,,,,,,,,,
新港店,短袖短板T恤,停止进货,,1,,,,,,,,,,,,,,,,,,,,,,,,,,,,,,,,,,,,
新港店,中袖,新款试货,,,,,,,,,,,,,,,,,,,,,,,,,,,,,,,,,,,,,,
新港店,上下套装,停止进货,,,,,,,,,,,,,,,,,,,,,,,,,,,,,,,,,,,,,,
新港店,长袖,清理,,,,,,,,,,,,,,,,,,,,,,,,,,,1,4,,,,,,,,,,
新港店,长袖,停止进货,,,,,,,,,,,,,,,,,,,,,,,,,,,2,1,,,,,,,,,,
新港店,套头,停止进货,,,,,,,,,2,,,,,,,,,,,,,,,,,,,,,,,,,,,,,
新港店,套头,清理,,,,,,,,,,,,,,,,,,,2,4,,,,,,,,,,,,,,,,,,
新港店,无领长袖,停止进货,,,,,,,,,1,,,,,,,,,,,,,,,,,,,,,,,,,,,,,
新港店,9,新款试货,,,,,,,,,,,,,,,,,,,,,,,,,,,,,,,,,,,,,,
新港店,9,停止进货,,,,,,,,,,,,,,,,,,,,,,,,,,,,,,,,,,,,,,
新港店,立领,停止进货,,,,,,,,,,,,,,,,,,,,,,,,,,,,,,,,,,,,,,
新港店,正常风衣（外套）,清理,,,,,,,,,,,,,,,,,,,,,,,,,,,,,,,,,,,,,1,4
新港店,条纹,停止进货,,,,,,,,,,,,,,,,,,,,,,,,,,,1,,,,,,,,,,,
新港店,有领长袖,停止进货,,,,,,,,,,,,,,,,,,,,,,,,,,,,,,,,,,,,,,
新港店,净色,正常补货,,,,,,,,,,,,,,,,,,,,,,,,,,,,,,,,,,,,,,
新港店,短袖,停止进货,,,,,,,,,,,,,,,,,,,,,,,,,,,,,,,,,,,,,,
新港店,短袖,正常补货,,,,,,,,,,,,,,,,,,,,,,,,,,,,,,,,,,,,,,
新港店,带帽,停止进货,,,,,,,,,,,,,,,,,,,,,,,,,,,,,,,,,,,,,,
新港店,带帽,清理,,,,,,,,,,,,,,,,,,,,,,,,,,,,,,,,,,,,,,
新港店,套衫短板毛衣,清理,,,,,,,,,,,,,,,,,,,4,2,,,,,,,,,,,,,,,,,,
风中店,短袖短板T恤,正常补货,28,18,,,,,,,,,,,,,,,,,,,,,,,,,,,,,,,,,,,,
风中店,短袖短板T恤,停止进货,3,3,,,,,,,,,,,,,,,,,,,,,,,,,,,,,,,,,,,,
风中店,短袖短板T恤,新款试货,,,,,,,,,,,,,,,,,,,,,,,,,,,,,,,,,,,,,,
风中店,长裤,停止进货,,,,,28,40,,,,,,,,,,,,,,,7,9,,,,,,,,,,,,,,,,
风中店,长裤,清理,,,,,3,5,,,,,,,,,,,,,,,,,,,,,,,,,,,,,,,,
风中店,长裤,正常补货,,,,,,,,,,,,,,,,,,,,,,,,,,,,,,,,,,,,,,
风中店,长裤,新款试货,,,,,,,,,,,,,,,,,,,,,,,,,,,,,,,,,,,,,,
风中店,9,停止进货,,,,,3,8,,,,,,,,,,,,,,,1,1,,,,,,,,,,,,,,,,
风中店,9,正常补货,,,,,1,2,,,,,,,,,,,,,,,,,,,,,,,,,,,,,,,,
风中店,9,清理,,,,,1,,,,,,,,,,,,,,,,,,,,,,,,,,,,,,,,,
风中店,中袖短板T恤,停止进货,4,6,,,,,,,,,,,,,,,,,,,,,,,,,,,,,,,,,,,,
风中店,中袖短板T恤,正常补货,,1,,,,,,,,,,,,,,,,,,,,,,,,,,,,,,,,,,,,
风中店,中袖短板T恤,清理,1,2,,,,,,,,,,,,,,,,,,,,,,,,,,,,,,,,,,,,
风中店,带帽,停止进货,,,,,,,,,,,,,4,3,,,,,,,,,,,,,,,,,,,,,,,,
风中店,[未知],正常补货,5,4,,,2,6,,,,,,,,,,,,,,,,,,,,,,,,,,,,,,,,
风中店,[未知],停止进货,5,4,,,,,,,5,6,,,4,3,,,,,,,1,1,,,,,2,2,,,,,,,,,1,2
风中店,[未知],新款试货,,,,,,,,,,,,,,,,,,,,,,,,,,,,,1,,,,,,,,,
风中店,[未知],清理,,1,,,,,,,,,,,,,,,,,,,,,,,,,,,,,,,,,,,,
风中店,套衫短板卫衣,停止进货,,,,,,,,,66,31,,,,,,,,,,,,,,,,,,,,,,,,,,,,
风中店,套衫短板卫衣,清理,,,,,,,,,2,2,,,,,,,,,,,,,,,,,,,,,,,,,,,,
风中店,开衫,停止进货,,,,,,,,,,,,,,,1,2,,,,,,,,,,,,,,,,,,,,,,
风中店,短袖,正常补货,,,,,,,,,,,,,,,,,,,,,,,,,,,,,,,,,,,,,,
风中店,短袖,停止进货,2,5,,,,,,,,,,,,,,,,,,,,,,,,,,,,,,,,,,,,
风中店,正常夹克,停止进货,,,,,,,,,,,,,7,3,,,,,,,,,,,,,,,,,,,,,,,,
风中店,正常夹克,清理,,,,,,,,,,,,,,2,,,,,,,,,,,,,,,,,,,,,,,,
风中店,鞋,停止进货,,,,,,,,,,,,,,,,,,,,,,,,,,,,,,,,,,,1,3,,
风中店,鞋,新款试货,,,,,,,,,,,,,,,,,,,,,,,,,,,,,,,,,,,,,,
风中店,上下套装,停止进货,,,,,,,,,,,,,,,,2,,,,,,,,,,,,,,,,,,,,,,
风中店,长袖,停止进货,1,1,,,,,,,,,,,,,,,,,,,,,,,,,6,3,,,,,,,,,,
风中店,长袖,清理,1,,,,,,,,,,,,,,,,,,,,,,,,,,,,,,,,,,,,,
风中店,内外套装,停止进货,,,,,,,,,,,,,,,,,,,,,,,,,,,,,,1,,,,,,,,
风中店,净色,停止进货,,,,,,,,,,,,,,,,,,,,,,,,,,,,1,,,,,,,,,,
风中店,无领中袖,停止进货,,,,,,,,,,,,,,,,,,,,,,,,,,,,1,,,,,,,,,,
风中店,拼接,停止进货,,,,,,,,,,,,,,,,,,,,,,,,,,,,1,,,,,,,,,,
风中店,正常风衣（外套）,清理,,,,,,,,,,,,,,,,,,,,,,,,,,,,,,,,,,,,,,
风中店,正常风衣（外套）,停止进货,,,,,,,,,,,,,,,,,,,,,,,,,,,,,,,,,,,,,1,
风中店,有领长袖,停止进货,,,,,,,,,,,,,,,,,,,,,,,,,,,,1,,,,,,,,,,
风中店,中袖,停止进货,1,1,,,,,,,,,,,,,,,,,,,,,,,,,,,,,,,,,,,,
风中店,袜,正常补货,,,,,,,,,,,,,,,,,,,,,,,,,,,,,,,,,5,4,,,,
风中店,袜,停止进货,,,,,,,,,,,,,,,,,,,,,,,,,,,,,,,,,,,,,,
风中店,袜,新款试货,,,,,,,,,,,,,,,,,,,,,,,,,,,,,,,,,1,,,,,
风中店,套头,清理,,,,,,,,,,,,,,,,,,,,,,,,,,,,,,,,,,,,,,
风中店,套头,停止进货,,,,,,,,,,1,,,,,,,,,,,,,,,,,,,,,,,,,,,,
风中店,立领,清理,,,,,,,,,,,,,1,1,,,,,,,,,,,,,,,,,,,,,,,,
风中店,条纹,停止进货,,,,,,,,,,,,,,,,,,,,,,,,,,,1,,,,,,,,,,,
风中店,长袖短板T恤,停止进货,1,1,,,,,,,,,,,,,,,,,,,,,,,,,,,,,,,,,,,,
风中店,长袖短板T恤,清理,1,,,,,,,,,,,,,,,,,,,,,,,,,,,,,,,,,,,,,
吉浦店,[未知],停止进货,1,1,,,4,7,,,4,2,,,1,2,,,,,,,,,,,,,,,,,,,,,,,,
吉浦店,[未知],正常补货,1,3,,,,,,,,,,,,,,,,,,,,,,,,,,,,,,,,,,,,
吉浦店,[未知],新款试货,,,,,,,,,,,,,,,,,,,,,,,,,,,,,,,2,,,,,,,
吉浦店,正常风衣（外套）,清理,,,,,,,,,,,1,,,,,,,,,,,,,,,,,,,,,,,,,,1,5
吉浦店,短袖短板T恤,正常补货,5,11,,,,,,,,,,,,,,,,,,,,,,,,,,,,,,,,,,,,
吉浦店,短袖短板T恤,停止进货,,,,,,,,,,,,,,,,,,,,,,,,,,,,,,,,,,,,,,
吉浦店,套衫短板卫衣,停止进货,,,,,,,,,29,40,,,,,,,,,,,,,,,,,,,,,,,,,,,,
吉浦店,套衫短板卫衣,清理,,,,,,,,,4,14,,,,,,,,,,,,,,,,,,,,,,,,,,,,
吉浦店,正常夹克,停止进货,,,,,,,,,,,,,11,0,,,,,,,,,,,,,,,,,,,,,,,,
吉浦店,正常夹克,清理,,,,,,,,,,,,,2,1,,,,,,,,,,,,,,,,,,,,,,,,
吉浦店,长裤,停止进货,,,,,9,13,,,,,,,,,,,,,,,6,3,,,,,,,,,,,,,,,,
吉浦店,长裤,正常补货,,,,,,1,,,,,,,,,,,,,,,1,3,,,,,,,,,,,,,,,,
吉浦店,长裤,清理,,,,,6,7,,,,,,,,,,,,,,,3,7,,,,,,,,,,,,,,,,
吉浦店,9,正常补货,,,,,,1,,,,,,,,,,,,,,,,,,,,,,,,,,,,,,,,
吉浦店,9,新款试货,,,,,,,,,,,,,,,,,,,,,,,,,,,,,,,,,,,,,,
吉浦店,9,清理,,,,,,,,,,,,,,,,,,,,,,,,,,,,,,,,,,,,,,
吉浦店,9,停止进货,,,,,,,,,,,,,,,,,,,,,,,,,,,,,,,,,,,,,,
吉浦店,中袖,停止进货,1,6,,,,,,,,,,,,,,,,,,,,,,,,,,,,,,,,,,,,
吉浦店,中袖,新款试货,,,,,,,,,,,,,,,,,,,,,,,,,,,,,,,,,,,,,,
吉浦店,中袖,清理,,,,,,,,,,,,,,,,,,,,,,,,,,,,,,,,,,,,,,
吉浦店,带帽,停止进货,,,,,,,,,1,,,,,,,,,,,,,,,,,,,,,,,,,,,,,
吉浦店,套头,停止进货,,,,,,,,,,5,,,,,,,,,,,,,,,,,,,,,,,,,,,,
吉浦店,套头,清理,,,,,,,,,,-1,,,,,,,,,,1,,,,,,,,,,,,,,,,,,
吉浦店,套头,正常补货,,,,,,,,,,,,,,,,,,,,,,,,,,,,,,,,,,,,,,
吉浦店,中袖短板T恤,正常补货,,,,,,,,,,,,,,,,,,,,,,,,,,,,,,,,,,,,,,
吉浦店,中袖短板T恤,停止进货,,1,,,,,,,,,,,,,,,,,,,,,,,,,,,,,,,,,,,,
吉浦店,中袖短板T恤,清理,,,,,,,,,,,,,,,,,,,,,,,,,,,,,,,,,,,,,,
吉浦店,长袖,停止进货,1,2,,,,,,,,,,,,,,,,,,,,,,,,,4,3,,,,,,,,,,
吉浦店,长袖,清理,,,,,,,,,,,,,,,,,,,,,,,,,,,7,1,,,,,,,,,,
吉浦店,净色,正常补货,,,,,,,,,,,,,,,,,,,,,,,,,,,,,,,,,,,,,,
吉浦店,短袖,停止进货,,,,,,,,,,,,,,,,,,,,,,,,,,,,,,,,,,,,,,
吉浦店,短袖,正常补货,,,,,,,,,,,,,,,,,,,,,,,,,,,,,,,,,,,,,,
吉浦店,无领长袖,停止进货,,,,,,,,,,,,,,,,,,,,,,,,,,,,,,,,,,,,,,
吉浦店,宽松风衣（外套）,清理,,,,,,,,,,,,,,,,,,,,,,,,,,,,,,,,,,,,,,
青浦店,[未知],停止进货,3,7,,,9,9,,,1,3,,,3,4,,,,,,,,,,,,,,,,,,,,,,,,
青浦店,[未知],正常补货,9,4,,,,,,,,,,,,,,,,,,,,,,,,,,,,,,,,,,,,
青浦店,[未知],新款试货,,,,,,,,,,,,,,,,,,,,,,,,,,,,,,,,,,,,,,
青浦店,正常夹克,停止进货,,,,,,,,,,,,,9,5,,,,,,,,,,,,,,,,,,,,,,,,
青浦店,带帽,停止进货,,,,,,,,,,,,,8,3,,,,,,,,,,,,,,,,,,,,,,,,
青浦店,长裤,停止进货,,,,,27,22,,,,,,,,,,,,,,,11,12,,,,,,,,,,,,,,,,
青浦店,长裤,清理,,,,,2,,,,,,,,,,,,,,,,,,,,,,,,,,,,,,,,,
青浦店,短袖短板T恤,正常补货,13,16,,,,,,,,,,,,,,,,,,,,,,,,,,,,,,,,,,,,
青浦店,短袖短板T恤,停止进货,1,4,,,,,,,,,,,,,,,,,,,,,,,,,,,,,,,,,,,,
青浦店,9,新款试货,,,,,,,,,,,,,,,,,,,,,,,,,,,,,,,,,,,,,,
青浦店,9,正常补货,,,,,2,1,,,,,,,,,,,,,,,,,,,,,,,,,,,,,,,,
青浦店,正常风衣（外套）,停止进货,,,,,,,,,,,,,,,,,,,,,,,,,,,,,,,,,,,,,1,
青浦店,正常风衣（外套）,清理,,,,,,,,,,,,,,,,,,,,,,,,,,,,,,,,,,,,,,
青浦店,套头,停止进货,,,,,,,,,3,4,,,,,,,,,,,,,,,,,,,,,,,,,,,,
青浦店,无领中袖,停止进货,,,,,,,,,,,,,,,,,,,,,,,,,,,2,4,,,,,,,,,,
青浦店,开衫,停止进货,,,,,,,,,,,,,,,1,2,,,,,,,,,,,,,,,,,,,,,,
青浦店,开衫,清理,,,,,,,,,,,,,,,,,,,,,,,,,,,,,,,,,,,,,,
青浦店,短袖,正常补货,2,2,,,,,,,,,,,,,,,,,,,,,,,,,,,,,,,,,,,,
青浦店,短袖,停止进货,1,1,,,,,,,,,,,,,,,,,,,,,,,,,,,,,,,,,,,,
青浦店,套衫短板卫衣,停止进货,,,,,,,,,2,7,,,,,,,,,,,,,,,,,,,,,,,,,,,,
青浦店,套衫短板卫衣,清理,,,,,,,,,,,,,,,,,,,,,,,,,,,,,,,,,,,,,,
青浦店,中裤,新款试货,,,,,,,,,,,,,,,,,,,,,,,,,,,,,,,,,,,,,,
青浦店,长袖,停止进货,,,,,,,,,2,,,,,,,,,,,,,,,,,,,,,,,,,,,,,
青浦店,上下套装,停止进货,,,,,,,,,,,,,,,1,,,,,,,,,,,,,,,,,,,,,,,
